precision,recall,acc,f1
1.0,0.8732394366197183,0.9984490780630708,0.9323308270676691
