precision,recall,acc,f1
1.0,0.027777777777777776,0.9879393521709167,0.05405405405405406
