precision,recall,acc,f1
0.927536231884058,0.9014084507042254,0.9979321040840944,0.9142857142857144
