precision,recall,acc,f1
1.0,0.6056338028169014,0.9951749095295537,0.7543859649122806
