precision,recall,acc,f1
1.0,0.7887323943661971,0.9974151301051181,0.8818897637795275
