precision,recall,acc,f1
0.9836065573770492,0.8450704225352113,0.9979321040840944,0.9090909090909091
