precision,recall,acc,f1
0.9827586206896551,0.8028169014084507,0.9974151301051181,0.8837209302325583
