precision,recall,acc,f1
1.0,0.1111111111111111,0.988973121984838,0.19999999999999998
