precision,recall,acc,f1
1.0,0.8309859154929577,0.9979321040840944,0.9076923076923077
