precision,recall,acc,f1
1.0,0.16666666666666666,0.9896623018607856,0.2857142857142857
