precision,recall,acc,f1
1.0,0.5774647887323944,0.9948302602102361,0.7321428571428571
