precision,recall,acc,f1
0.9333333333333333,0.3888888888888889,0.9920744314266023,0.5490196078431373
