precision,recall,acc,f1
1.0,0.05555555555555555,0.9882839421088904,0.10526315789473684
