precision,recall,acc,f1
0.9830508474576272,0.8169014084507042,0.9975874547647768,0.8923076923076924
