precision,recall,acc,f1
0.9538461538461539,0.8732394366197183,0.9979321040840944,0.9117647058823529
