precision,recall,acc,f1
1.0,0.8873239436619719,0.9986214027227296,0.9402985074626865
