precision,recall,acc,f1
1.0,0.8169014084507042,0.9977597794244356,0.8992248062015504
