precision,recall,acc,f1
0.9193548387096774,0.8028169014084507,0.9967258314664829,0.8571428571428572
