precision,recall,acc,f1
0.9833333333333333,0.8309859154929577,0.9977597794244356,0.900763358778626
