precision,recall,acc,f1
1.0,0.49295774647887325,0.9937963122522833,0.660377358490566
