precision,recall,acc,f1
0.9821428571428571,0.7746478873239436,0.9970704807858004,0.8661417322834646
