precision,recall,acc,f1
1.0,0.5633802816901409,0.9946579355505772,0.7207207207207207
