precision,recall,acc,f1
1.0,0.9154929577464789,0.9989660520420472,0.9558823529411764
