precision,recall,acc,f1
0.875,0.19444444444444445,0.9896623018607856,0.3181818181818182
