precision,recall,acc,f1
1.0,0.8028169014084507,0.9975874547647768,0.890625
