precision,recall,acc,f1
1.0,0.7323943661971831,0.9967258314664829,0.8455284552845529
