precision,recall,acc,f1
1.0,0.7746478873239436,0.9972428054454593,0.873015873015873
